instrument_id,dimension,framing,cohort_mean,cohort_min,cohort_max,n_models
ecr12,attachment_anxiety,human,3.8385,2.6667,4.8333,52
ecr12,attachment_anxiety,self,2.0077,1,6.5,52
ecr12,attachment_avoidance,human,2.6492,2,3.1667,52
ecr12,attachment_avoidance,self,3.1994,1.1667,6.3333,52
enneagram36,ennea_1,human,3.4315,2.5,3.75,52
enneagram36,ennea_1,self,3.6235,2.5,4.75,52
enneagram36,ennea_2,human,3.529,2.75,4.25,52
enneagram36,ennea_2,self,3.3852,1.5,4.5,52
enneagram36,ennea_3,human,3.3475,2.75,4,52
enneagram36,ennea_3,self,3.7607,2.25,5,52
enneagram36,ennea_4,human,2.8041,2,3.5,52
enneagram36,ennea_4,self,2.428,1,4,52
enneagram36,ennea_5,human,3.277,2.75,4,52
enneagram36,ennea_5,self,3.6683,2.25,5,52
enneagram36,ennea_6,human,3.4064,2.75,4.25,52
enneagram36,ennea_6,self,3.6615,2,4.5,52
enneagram36,ennea_7,human,3.3909,2.75,4,52
enneagram36,ennea_7,self,3.2539,1.75,4.5,52
enneagram36,ennea_8,human,3.0801,2.25,3.75,52
enneagram36,ennea_8,self,2.5,1.25,4,52
enneagram36,ennea_9,human,3.7046,3,4.5,52
enneagram36,ennea_9,self,3.5418,2.25,4.75,52
enneagram90,ennea_1,human,3.2739,2.8,4.1,51
enneagram90,ennea_1,self,3.779,1.4,5,51
enneagram90,ennea_2,human,3.1321,2.3,3.8,51
enneagram90,ennea_2,self,2.8456,1,4.2,51
enneagram90,ennea_3,human,3.039,2.7,3.9,51
enneagram90,ennea_3,self,2.5798,1,4.6,51
enneagram90,ennea_4,human,2.7767,2.1,3.8,51
enneagram90,ennea_4,self,2.2563,1,4,51
enneagram90,ennea_5,human,3.1361,2.6,4,51
enneagram90,ennea_5,self,4.0206,1.8,5,51
enneagram90,ennea_6,human,3.4715,2.9,4,51
enneagram90,ennea_6,self,3.3135,1,4.5,51
enneagram90,ennea_7,human,3.1739,2.5,4,51
enneagram90,ennea_7,self,2.5171,1,4.2,51
enneagram90,ennea_8,human,2.8197,2.4,3.4,51
enneagram90,ennea_8,self,2.2786,1,4.2,51
enneagram90,ennea_9,human,3.4522,2.7,4,51
enneagram90,ennea_9,self,2.7984,1,3.7,51
eq_short,empathy_quotient,human,3.074,2.9091,3.3182,52
eq_short,empathy_quotient,self,3.4024,2.6818,3.9091,52
hexaco24,agreeableness,human,3.103,2.3333,4,52
hexaco24,agreeableness,self,4.0487,2.6667,5,52
hexaco24,conscientiousness,human,3.417,2.75,3.75,52
hexaco24,conscientiousness,self,4.3135,3.25,5,52
hexaco24,emotionality,human,2.7591,2.2,3.2,52
hexaco24,emotionality,self,2.1346,1,3.4,52
hexaco24,extraversion,human,3.2413,3,3.75,52
hexaco24,extraversion,self,3.4346,1.75,4.25,52
hexaco24,honesty_humility,human,3.722,3,4.5,52
hexaco24,honesty_humility,self,4.9048,4,5,52
hexaco24,openness,human,3.1535,2.5,4,52
hexaco24,openness,self,4.6288,3.75,5,52
ipip50,agreeableness,human,3.9752,3.4,4.3,52
ipip50,agreeableness,self,4.5896,2.6,5,52
ipip50,conscientiousness,human,3.4469,3,4,52
ipip50,conscientiousness,self,4.6923,3.8,5,52
ipip50,extraversion,human,3.0453,2.6,3.8,52
ipip50,extraversion,self,3.1514,1,4.3,52
ipip50,neuroticism,human,3.036,2.5,3.9,52
ipip50,neuroticism,self,1.4247,1,2.8,52
ipip50,openness,human,3.4647,2.9,4,52
ipip50,openness,self,4.7668,4.2,5,52
kolb12,kolb_ac,human,2.8101,2,3.6667,52
kolb12,kolb_ac,self,4.8546,3.6667,5,52
kolb12,kolb_ae,human,4.0297,3.6667,5,52
kolb12,kolb_ae,self,3.5084,1,5,52
kolb12,kolb_ce,human,3.7894,3,4.3333,52
kolb12,kolb_ce,self,2.0991,1,4.6667,52
kolb12,kolb_ro,human,3.7713,3,4,52
kolb12,kolb_ro,self,4.444,3,5,52
locus_levenson,loc_chance,human,3.0092,2,4.375,52
locus_levenson,loc_chance,self,2.3707,1,4.375,52
locus_levenson,loc_internal,human,4.4173,3.875,5,52
locus_levenson,loc_internal,self,3.9479,1,6,52
locus_levenson,loc_powerful_others,human,3.3536,2.625,4.25,52
locus_levenson,loc_powerful_others,self,4.2635,1,5.875,52
lsq40,lsq_activist,human,3.0695,2.5,4,52
lsq40,lsq_activist,self,2.8078,1.6,4.9,52
lsq40,lsq_pragmatist,human,3.9826,3,4.8,52
lsq40,lsq_pragmatist,self,3.7171,2.8,4.9,52
lsq40,lsq_reflector,human,3.7448,2.8,4.3,52
lsq40,lsq_reflector,self,4.4132,2.8,5,52
lsq40,lsq_theorist,human,3.4089,3,4,52
lsq40,lsq_theorist,self,4.6171,3.1,5,52
mfq30,authority,human,2.9134,2,3.8333,52
mfq30,authority,self,1.7655,0,3.5,52
mfq30,care,human,3.9276,3.3333,4.8333,52
mfq30,care,self,4.2274,0,5,52
mfq30,fairness,human,3.8475,2.8333,4.6667,52
mfq30,fairness,self,4.3404,0,5,52
mfq30,loyalty,human,2.98,2,3.6667,52
mfq30,loyalty,self,1.6609,0,2.5,52
mfq30,sanctity,human,2.4658,1,4,52
mfq30,sanctity,self,0.8391,0,2.8333,52
ncs18,need_for_cognition,human,2.8526,2.0556,3.8889,52
ncs18,need_for_cognition,self,4.7256,4.1111,5,52
obsi32,disc_c,human,3.6887,3,4,51
obsi32,disc_c,self,4.6309,3.75,5,51
obsi32,disc_d,human,2.8794,2.25,3.5,51
obsi32,disc_d,self,2.4956,1.375,4.25,51
obsi32,disc_i,human,3.052,2.625,3.875,51
obsi32,disc_i,self,2.3681,1.375,4.125,51
obsi32,disc_s,human,3.7848,3,4.125,51
obsi32,disc_s,self,3.8789,3,4.625,51
otti102,str_achiever,human,3.3071,2.6667,4,51
otti102,str_achiever,self,3.888,2,5,51
otti102,str_activator,human,3.2178,2.6667,4,51
otti102,str_activator,self,3.2095,1,5,51
otti102,str_adaptability,human,3.0472,2.3333,4,51
otti102,str_adaptability,self,3.7233,1,5,51
otti102,str_analytical,human,3.2664,2.3333,4,51
otti102,str_analytical,self,4.9341,3.3333,5,51
otti102,str_arranger,human,3.0486,2.6667,4,51
otti102,str_arranger,self,4.5283,3,5,51
otti102,str_belief,human,3.8202,3,4.6667,51
otti102,str_belief,self,4.3992,1,5,51
otti102,str_command,human,2.748,1.6667,3,51
otti102,str_command,self,2.8669,1,4.6667,51
otti102,str_communication,human,3.0079,2.3333,4,51
otti102,str_communication,self,4.5323,1,5,51
otti102,str_competition,human,2.7218,2,3.3333,51
otti102,str_competition,self,1.6416,1,5,51
otti102,str_connectedness,human,3.2047,2.3333,4,51
otti102,str_connectedness,self,3.5586,1,5,51
otti102,str_consistency,human,3.8281,3,4.3333,51
otti102,str_consistency,self,4.0013,3,5,51
otti102,str_context,human,3.1496,2,4,51
otti102,str_context,self,4.2174,1,5,51
otti102,str_deliberative,human,3.399,2.6667,4,51
otti102,str_deliberative,self,4.0843,2.3333,5,51
otti102,str_developer,human,3.6522,2.6667,4.3333,51
otti102,str_developer,self,4.5573,1,5,51
otti102,str_discipline,human,3.2362,2.6667,4,51
otti102,str_discipline,self,3.1752,2,5,51
otti102,str_empathy,human,3.2835,2.3333,4,51
otti102,str_empathy,self,3.614,1,5,51
otti102,str_focus,human,3.3255,3,4,51
otti102,str_focus,self,3.9842,2.3333,5,51
otti102,str_futuristic,human,3.1325,2.3333,4,51
otti102,str_futuristic,self,4.0593,2.3333,5,51
otti102,str_harmony,human,3.9278,3,4.3333,51
otti102,str_harmony,self,4.0119,1,5,51
otti102,str_ideation,human,3.1037,2,4,51
otti102,str_ideation,self,4.8986,3,5,51
otti102,str_includer,human,3.6535,3,4.3333,51
otti102,str_includer,self,4.3452,1,5,51
otti102,str_individualization,human,3.4724,3,4,51
otti102,str_individualization,self,4.6588,1,5,51
otti102,str_input,human,3.0381,2,4,51
otti102,str_input,self,4.4335,3,5,51
otti102,str_intellection,human,3.273,2.6667,4,51
otti102,str_intellection,self,4.2714,1.3333,5,51
otti102,str_learner,human,3.3163,2.6667,4,51
otti102,str_learner,self,4.5784,2.3333,5,51
otti102,str_maximizer,human,3.1759,3,4,51
otti102,str_maximizer,self,3.9341,1,5,51
otti102,str_positivity,human,3.3766,2.6667,4,51
otti102,str_positivity,self,3.6113,1,5,51
otti102,str_relator,human,3.8583,3,4.6667,51
otti102,str_relator,self,2.7484,1,4.3333,51
otti102,str_responsibility,human,4.0105,3,5,51
otti102,str_responsibility,self,4.7747,1,5,51
otti102,str_restorative,human,2.9318,2.3333,3.3333,51
otti102,str_restorative,self,4.0145,2.3333,5,51
otti102,str_self_assurance,human,3.164,2.3333,4,51
otti102,str_self_assurance,self,3.4611,2,5,51
otti102,str_significance,human,3.6129,3,4,51
otti102,str_significance,self,2.9315,1,5,51
otti102,str_strategic,human,3.1969,2.6667,4,51
otti102,str_strategic,self,4.8208,4,5,51
otti102,str_woo,human,2.9646,2.3333,4,51
otti102,str_woo,self,3.1924,1,5,51
pvq21,achievement,human,3.8861,3,4.5,52
pvq21,achievement,self,2.725,1,5,52
pvq21,benevolence,human,5.0135,4,6,52
pvq21,benevolence,self,5.0423,1,6,52
pvq21,conformity,human,3.9382,3,5,52
pvq21,conformity,self,4.2173,1,6,52
pvq21,hedonism,human,4.0849,3,5,52
pvq21,hedonism,self,1.9212,1,5,52
pvq21,power,human,3.1197,2,4,52
pvq21,power,self,1.4,1,3,52
pvq21,security,human,4.6892,3.5,5,52
pvq21,security,self,3.5269,1,6,52
pvq21,self_direction,human,4.4363,3.5,5,52
pvq21,self_direction,self,4.5904,2.5,6,52
pvq21,stimulation,human,3.3649,2.5,4,52
pvq21,stimulation,self,3.3212,1,5.5,52
pvq21,tradition,human,3.7124,3,4,52
pvq21,tradition,self,3.3077,1,4.5,52
pvq21,universalism,human,4.61,3.3333,5,52
pvq21,universalism,self,5.5885,4,6,52
sd3,machiavellianism,human,2.8519,2.4444,3.3333,52
sd3,machiavellianism,self,2.082,1,4.4444,52
sd3,narcissism,human,2.637,1.6667,3.2222,52
sd3,narcissism,self,2.4115,1.4444,4.4444,52
sd3,psychopathy,human,1.9806,1.4444,2.3333,52
sd3,psychopathy,self,1.2513,1,2.7778,52
vark16,vark_aural,human,3.1786,2.5,4,52
vark16,vark_aural,self,2.2006,1,5,52
vark16,vark_kinesthetic,human,4.112,3,5,52
vark16,vark_kinesthetic,self,3.2965,1,5,52
vark16,vark_read_write,human,3.0425,2.25,4,52
vark16,vark_read_write,self,4.6308,3,5,52
vark16,vark_visual,human,3.6236,3,4,52
vark16,vark_visual,self,2.7984,1.5,5,52
